video,sr_auc,sr_nss,sr_kl,sr_cc,sr_sim,bms_auc,bms_nss,bms_kl,bms_cc,bms_sim,sr_rgb_auc,sr_rgb_nss,sr_rgb_kl,sr_rgb_cc,sr_rgb_sim,bms_rgb_auc,bms_rgb_nss,bms_rgb_kl,bms_rgb_cc,bms_rgb_sim
Diving-Side-001,0.8759008832310307,3.099773123423709,1.9003140778920722,0.4948986298318094,0.22200585918164178,0.7225653788098427,0.9192329278167745,5.791123413293239,0.17711524466799833,0.151349774451677,0.867858274610714,3.0114171947452935,1.9931346876856484,0.48224544387086055,0.24331801706843034,0.7801643683806591,2.0053515748237043,6.740768655090079,0.34366516964052185,0.24983939723479207
Diving-Side-002,0.8774875100211031,2.0387124607900766,2.3675613589366624,0.30670919569840316,0.14406834708346966,0.7767189063427193,1.1156656067019748,5.057561269141032,0.17855845700053358,0.14058069536171044,0.8439712047388298,1.5652193215046297,2.544537241955032,0.2330094067699848,0.14010710224320747,0.8508734153912598,3.30566303376743,4.834679806261573,0.4610588003264982,0.2997357510993702
Diving-Side-003,0.8177072812503771,1.8911906716458067,2.1261063793068686,0.3533558283526422,0.20070518098051401,0.6684682191024133,0.7718742037227669,6.792062716967637,0.15143661281919624,0.14639407228911758,0.7557380224209227,1.115824771216056,2.6905163336154314,0.19595631592154017,0.15761184833410194,0.7537627504258343,2.1821103638157022,7.927193000099297,0.3699234199439511,0.25351501513432945
Diving-Side-004,0.8481937557179025,2.3294379197775297,2.0183426351157396,0.4108524822645848,0.20727230591304177,0.7266179188459891,1.1686119610244319,5.7867655389364065,0.20575601862365697,0.1688852716249402,0.8254781210795741,1.7866663876275752,2.3453823340737294,0.2948019553515691,0.1899883894951328,0.7777701510376015,2.1777073331626564,6.570496061231316,0.3575942521829043,0.25909178768627944
Golf-Swing-Back-001,0.6406882511417267,0.9786629004834184,2.2309206279074014,0.22299362437546497,0.22122256763346973,0.6108464331829416,0.6193239337791024,9.388562502218814,0.13284664362877802,0.16865823273306144,0.6018594997642283,0.24317716896985167,2.6395968375007297,0.06810964988037675,0.1772480882302758,0.556377213892689,0.2130262469222799,9.384084617530517,0.057304969071222865,0.1559124961650421
Golf-Swing-Back-002,0.6456986188211282,0.7490361977634807,2.196678693064186,0.18486317915787695,0.22459634372535542,0.5948933655730069,0.4243569078349225,8.302127368651558,0.10573409414149657,0.16621070702440893,0.5930465659081766,0.26730112939148687,2.59528194550338,0.05635897035863918,0.17988940630012407,0.5627015218988847,0.23905873163626765,9.900129025655314,0.04672126839463013,0.14542816932110633
Golf-Swing-Back-003,0.6988030731430711,0.40775224862999565,3.0122572317321183,0.04906690554498314,0.1046543501706595,0.5306180639639099,0.12481643352910476,10.688535821371225,0.01505427814393103,0.07242505353155293,0.7896797162277154,1.4381290602223664,2.8337553890830547,0.15570032220055485,0.15097801996010826,0.6030632579145406,0.053963360948643534,11.597892835514843,-0.003438267522005383,0.061073066185728206
Golf-Swing-Back-004,0.6991918815885237,1.065097536989159,2.6549429439873515,0.16935314779844943,0.14538990105116154,0.5829418652106446,0.3836722986287088,10.706612371321924,0.07489478955733075,0.11344336972271425,0.7421993392198702,0.750147574797005,3.0431633969016105,0.1147791800794802,0.13761252093776719,0.5774773486283636,0.24849708081349411,9.882751227788038,0.039203613659360224,0.10590037411619925
Golf-Swing-Back-005,0.5358056121827433,0.04631325991863584,3.0354825879649288,0.0078712188311052,0.13315934144960198,0.5696370422147663,0.2575028744893145,9.207842758133044,0.043361721228501564,0.10830016224021949,0.5636410201060508,0.08115561586683784,3.272964118547073,-0.012440764438903828,0.10667205541254818,0.5844574831540899,0.25065752605097014,5.078030848046464,0.04337816948599754,0.14134973596320374
Golf-Swing-Front-001,0.7208349766078826,1.1088634530202115,2.814622135265149,0.14607532032868367,0.14341496260099906,0.5763046588937576,0.46731563777936885,9.620140109215663,0.055910100443192924,0.10555376726593198,0.8120875789181281,1.2141263246474148,2.7502045561495994,0.1506253073879686,0.16659474534913515,0.5779361180378909,0.4786948958109825,11.519518436565416,0.048225983785793916,0.1114625607156416
Kicking-Front-001,0.7392051904572778,1.1549953491290637,1.9297460619785989,0.30122800185611365,0.30190630208231856,0.6903336725079009,0.8338850672347693,6.681117202216989,0.2385678559458183,0.270298943669618,0.7268964858598362,0.7022404737848379,2.1553593382459306,0.19242134027558605,0.2588369632738195,0.8066611014390922,1.2296570242978966,4.719042239966878,0.30832142813134167,0.31527691453468076
Kicking-Front-002,0.7980276615743273,0.8341258411126894,1.8351645429003414,0.2510128766311827,0.2500550862419132,0.7109320652667147,0.7143710062558104,4.02101555298011,0.1700240547463639,0.2291969521783843,0.7084134180258136,0.5121534165592574,2.302129690228999,0.11204206059908058,0.1995960181205043,0.712676014951726,0.6210133762933624,5.937069661797557,0.11843570289276548,0.1948178452232619
Kicking-Front-003,0.8684235239866738,1.1068667662875713,2.550142871700331,0.15439320907637488,0.15609740873477365,0.6443577978881382,0.26227307810299266,9.398929073062716,0.04818616666636324,0.0981519008703602,0.8996088284765021,2.3535991162575014,2.2195241988069654,0.28681319652410586,0.21139887466370508,0.808422862037218,2.374406410514392,8.292544039391078,0.23098862664794131,0.1853891051262397
Kicking-Front-004,0.8798098804928919,2.046533424983101,1.7972672055105023,0.37919301966246655,0.29584894758801594,0.7659537391884329,0.8131477425162023,7.152079690771577,0.17141919775803863,0.19958229517244436,0.8944355762473336,2.2645724755554046,1.6910042353953643,0.3956117940813211,0.29958538068989155,0.7421460340711746,1.54591009696759,6.727580028134591,0.2935624686132897,0.2271438782360179
Kicking-Front-005,0.6004603208846668,0.24965288256638923,2.5531591526448327,0.1019904489541231,0.16787231207760697,0.5703681118513507,0.42557721930693493,5.943578012048506,0.09359895397838941,0.14500714686739313,0.6418442892726387,0.5378038458808461,2.555190590292278,0.13726624846291471,0.18228819220451775,0.7252597393875988,0.8583788858553594,4.357211072003808,0.19252021396302535,0.20333323009888798
Kicking-Front-006,0.778232460579548,1.602385957763925,2.2138730050992024,0.31322838127240155,0.23545377198224757,0.6208747691008808,0.568903619941262,7.293193991641574,0.11024427038900164,0.14779554809166598,0.7308826892711058,1.036350651780353,2.6213053946799807,0.17939978273038595,0.1683250308841706,0.6844912200576004,1.039057356994836,7.706015898495707,0.16780212721260235,0.15638704226928699
Lifting-001,0.9236375893077444,2.955243795252458,1.6542456875793665,0.5060906075889766,0.26849275871331374,0.7885044514100203,1.5008480361569088,3.913825014244519,0.25355766595878454,0.24094236120485976,0.8852659981193873,2.457500721968273,1.7898281688381152,0.413062444647787,0.2511360255235611,0.8690298256060575,1.7302492619871315,3.9180848497300764,0.30907811118465595,0.28756961683737847
Lifting-002,0.8472845723194166,1.877835780199072,1.7725939167511828,0.39262437206180534,0.2640138127907601,0.6435375377086205,0.922447920019399,4.664378651013602,0.1828707684865501,0.21795524168921515,0.789499425147348,1.0170181078733433,1.9529111063835083,0.225906955399738,0.22165029347341433,0.8189018608401568,1.1300764916142538,4.032839380115715,0.2540266475499288,0.25584420524025137
Riding-Horse-001,0.8727831697593484,2.528375643721067,1.3231227010642659,0.5619891314578332,0.39368601910627055,0.7751864669288572,1.3546578703201007,5.2643570995463564,0.3443301275294143,0.31506192963246776,0.8460635777582389,1.7016092997156604,1.812578180495189,0.37025997120621423,0.24283099065495295,0.6286470048286061,0.22863050506056595,6.738343751983629,0.07836288260149069,0.1418714260538932
Riding-Horse-002,0.8321303541599584,1.9296150401249894,1.4146352891858525,0.4731462294012795,0.3855288976558818,0.7302184779408643,1.0004995397473915,6.250366811107334,0.26943327802628747,0.28605187686600536,0.8278346233929322,1.5338424811273812,1.6076566991147858,0.3585030804707022,0.2991264825257025,0.6237224469124033,0.18479247695486614,6.996200020600187,0.04673035493454762,0.15545212591313518
Riding-Horse-003,0.851397489032788,1.7283325416444795,1.531070132705567,0.4016683337263177,0.3490815646372744,0.7813828266563203,1.1389154176892404,6.663346406486651,0.260350756515617,0.27468919004472564,0.8666806604815146,1.6578645258531266,1.5348428293083567,0.39414321290342547,0.3194359115993493,0.6711157181565153,0.5775339861474191,6.155484295283028,0.16987671712557464,0.22045677634507627
Riding-Horse-004,0.7966000111405042,1.4997027772459584,1.5924618112974787,0.37484149458803445,0.3471768702041545,0.7049871412843665,0.9325311257662814,6.058709938555928,0.22460224963855235,0.2685445734095444,0.8264242400280104,1.3264652079302959,1.60387561719259,0.32829524383113634,0.3098196300450998,0.6254068349295953,0.506998117684128,7.509137845310431,0.09967234085623172,0.171813219873768
Run-Side-001,0.8145413811938351,3.32311695563031,1.4972612060768893,0.5515559237936392,0.34834778251311116,0.6995844628409642,1.7458846763590699,5.817085999534604,0.28527787514728187,0.223130259701993,0.8853682551395297,2.859871330254107,1.5715711022721013,0.47174081050809713,0.3112219235487301,0.6837895898656574,0.5950876862314953,9.118748133189372,0.08860425013236234,0.15229136523625783
Run-Side-002,0.7724095952288126,1.2649903791077983,2.075630841341395,0.2896518812509365,0.23092454312680408,0.5851729898155642,0.08601280799261067,8.127265214670183,0.0446171638533517,0.13207659791527582,0.8384696442572627,1.6077120587478297,1.8535432592353844,0.33444293869534747,0.2962658925669382,0.6873957477372793,0.9690701957987291,8.711768779921494,0.22901144308268484,0.22665254993305423
Run-Side-003,0.8352662614479335,1.9140093913426444,1.6503394194580052,0.4441925696385377,0.311173546575432,0.65617475127019,0.3786189511055755,5.8386859667316315,0.10975358479883832,0.17260112469054317,0.8529622892063112,1.9667154412385774,1.6235528515673923,0.42029394401856485,0.3451506508956104,0.6966193057303254,1.0260635723208626,8.524180653831996,0.2246072451991588,0.23291877872132982
Run-Side-004,0.776687473380475,1.242924299368935,2.1052499565028215,0.3055616258887659,0.21681867464865187,0.519609598895262,0.12625799488269995,7.979253481600395,0.035850788659685544,0.11669440910362988,0.8413302321002686,1.140016266091067,1.945969927693726,0.25088519555132877,0.26552073090184025,0.7048471352360947,1.0920930169220264,8.341819251224909,0.21866681931501578,0.22655276062173257
SkateBoarding-Front-001,0.896744965632111,2.8088463533313175,1.5630963814987784,0.47708710135149807,0.3036341767713979,0.7978193239506729,1.6817076164396858,4.821923949850038,0.2827809353295015,0.25032938519381354,0.806693346937103,1.2105778519990185,2.0699651555880805,0.18885236519060336,0.20341282478775374,0.6297182862307482,0.2523640539249525,5.949141183344069,0.01616252682494181,0.14721329910819253
SkateBoarding-Front-002,0.8720777615523331,2.193132441796758,1.435769970502109,0.46945452542071253,0.3213137989965189,0.7412467340837519,1.0058076337115462,3.848272211994799,0.2708525243032547,0.27404754812285725,0.7804848550846268,0.931206264866522,1.9156216210263721,0.15591486841973184,0.21663415934264826,0.6959888896847468,0.9698549043506468,5.121659322670602,0.20589207734081363,0.2444171707011114
SkateBoarding-Front-003,0.9075383079471354,2.766515879925261,1.3150420721019778,0.5246364547492035,0.36393460815002004,0.7532253438554465,1.2823151636310797,4.305124395382344,0.2850375341435593,0.2956079988256147,0.7953698338211325,0.6688918169314836,1.8650596034784872,0.15262395058366818,0.24703869578736568,0.7196108888051557,0.628139590657908,5.416762733211006,0.19126073736760402,0.2425485936260184
SkateBoarding-Front-004,0.9223459090061457,3.279465267112826,1.5959654568327237,0.5471790166000022,0.30488075215417954,0.6729904876953617,1.3125088158096674,6.596168149214411,0.23703229582036686,0.22991993754613202,0.8883417496484152,1.7244210559087407,1.9516731958951268,0.2768111872673246,0.25360029931151956,0.7928605469742439,1.1931434098841318,6.902473376171393,0.14103250372245157,0.18226146789366496
Swing-Bench-001,0.8384553310714358,1.0907847151549432,1.382934404633984,0.3568413354031587,0.36266277043180867,0.7226394010260663,0.6754851048693643,5.531073627491435,0.21913610977748055,0.2810694087543141,0.7943953920493615,0.46638537825247117,1.8123129283162835,0.15983399999276218,0.295410240657748,0.6902768647339852,0.4152418295026072,5.861526069370279,0.11043577909483872,0.22115460940978784
Swing-Bench-002,0.8124853447355433,1.0399616301997505,1.581252073469167,0.30313555340733983,0.30981435156881615,0.679962718702876,0.4986390741694404,6.087299180171368,0.1564893063400318,0.23186425287581183,0.7981126588768609,0.5961544048750659,1.897693684231115,0.14925390115401746,0.2626080095010875,0.702764145363421,0.549657090583103,5.795896772120248,0.12561082291209655,0.21657504922638415
Swing-Bench-003,0.7991647295082887,1.0869443578099969,1.5559656712716299,0.3111050106589181,0.33235397324729204,0.7043619477869854,0.4586417958028422,5.908105613206413,0.14818780821604804,0.23143555471718444,0.797022315651231,0.7309552646795213,1.8572608141653386,0.17315566946260663,0.27865919011382306,0.7434386446771558,0.7676358912237812,5.362319115013039,0.18136808853906272,0.2540820115607899
Swing-Bench-004,0.7759428203461116,0.7542127150175361,1.5333534258762176,0.25609985207296887,0.33543074872446477,0.7101036807195102,0.5712359558994294,5.276405593311887,0.19323022953464275,0.2730462502502558,0.7779362657271635,0.48898769444596507,1.853311417593005,0.1415116157190925,0.2845596205922822,0.8243194626858061,1.3253457067192274,3.78301070634771,0.4064116138075329,0.4040100095636719
Swing-Bench-005,0.782556092609326,0.7823419515959623,1.4559752190958755,0.2891143650004316,0.35762701958808946,0.7018624822727614,0.39302850979974085,5.061616089224322,0.17956866744971114,0.28227796198622235,0.770547753847192,0.5988560814442915,1.791264720156004,0.17143478022954725,0.3000350228520544,0.8160872378581878,1.2948722783882531,3.8113746936857535,0.3953304088047694,0.4035096616658072
Swing-Bench-006,0.6382337612827492,0.5121332328773023,2.710651574387137,0.09695343534861227,0.11915490244424352,0.6017776274837128,0.4435063339061222,4.514074349842725,0.10975618476180628,0.12808349442511607,0.38928559915426586,-0.3907614106464145,3.277790798369839,-0.06268358665867371,0.09802918507537399,0.6532058691188247,0.8110735002474803,4.496620423744412,0.14566366834187963,0.13916154923212057
Swing-SideAngle-001,0.761811066142199,1.2489313708022027,2.4615431403810097,0.19566650594904994,0.1400139965710228,0.6904352323057733,1.1416467984176482,4.468604010991923,0.1907923325291874,0.1504275667990901,0.7792328302852922,1.2357462612329146,2.504895316257629,0.17561415999920205,0.133228564030467,0.7210058151330868,0.9209035808489142,4.506494883394965,0.14678661904448642,0.14606121755992207
Swing-SideAngle-002,0.9098790299750743,4.41302980859568,1.4370137791138209,0.7129567078722463,0.32589670185024444,0.7818930940179806,1.9491097840671592,4.664828299759709,0.3457180115969823,0.27557921084345943,0.6938174168458527,0.715643494625282,2.759815239981149,0.08396678416042484,0.10724257589125091,0.7065383607805886,0.9356057937516766,4.942945909560537,0.13721345883663194,0.14023204600259762
Swing-SideAngle-003,0.8208474100173974,2.3213332135133853,2.2656552804918393,0.33651777180686765,0.15810315730281801,0.6960515250412492,1.2481177596426718,5.225583035749208,0.20546964284460928,0.14948692682152814,0.7020160462181775,0.841922130560523,2.7709685671621602,0.0899024183120972,0.11049143119670415,0.6974310179713835,0.7792866170671321,4.975616012929582,0.10638035836021177,0.1348704031651004
Swing-SideAngle-004,0.8916566243810393,3.6352142833747823,1.7224645672911258,0.5856042863845385,0.24991453267899597,0.7674576668703917,1.7991839307773387,4.20743398780759,0.3198387083109621,0.22803953611557023,0.7492624884270801,1.1950360859903213,2.4948552046845873,0.16009156991146337,0.13922693990579077,0.6882572310574598,0.8045077955957202,4.837390028234112,0.12858982274101574,0.15000506145438047
Walk-Front-001,0.8033191816348225,1.3890116606885234,1.6378502719493462,0.3954048072011957,0.29737418516684216,0.6073834483987329,0.6535963009941902,8.522204634605911,0.1677941808299692,0.1971449275879106,0.7532509168495841,0.9495643650843785,1.8441955837873356,0.2603075121074216,0.2891378174315897,0.5476362216737328,0.11097009802441708,8.576951238349004,0.008359609327113304,0.12736335043726185
Walk-Front-002,0.8033664920179777,2.5437178347005935,1.7194320501342815,0.4742707284776351,0.2914229486520482,0.7019675286365694,1.209567701580909,7.188818319678752,0.25781564608131297,0.23580110088621026,0.7763859972634539,1.4225744929355202,2.1709627474979283,0.24885059986704294,0.19943079460108443,0.5910621308030987,0.1339722167518892,6.643697578500072,0.047834549831638755,0.14946627183864605
Walk-Front-003,0.8940983462920302,2.2628469080139864,1.5216625451151111,0.4347298195376739,0.3135221780968374,0.6604840876085539,0.6936930714478398,4.628760207079426,0.1448705884950091,0.21989193695935824,0.9110823680406719,2.427653919232897,1.441289912952713,0.5018656491142595,0.32407264882216874,0.7517180679629212,1.0355316747920833,3.055472598876163,0.25141365837144863,0.26836544327156364
Walk-Front-004,0.8905655703856803,3.9303166000417162,1.2954757725216368,0.6373379602691984,0.3619269432293407,0.7063730649137924,1.4399306509348222,4.665496097986019,0.24933493444193686,0.2546161701116739,0.6894812327875912,0.926302466995607,2.477173280420752,0.1505818921993307,0.14754025647419985,0.47066412625400417,-0.15280225022927707,7.345156051952708,-0.020508823686115615,0.09854599555573622
Walk-Front-005,0.8502965063791209,3.290965324218014,1.53584082054773,0.5653330178719994,0.3529533471238526,0.7738965361944445,1.9599642780383686,5.049771237982424,0.3435955273714964,0.26575895382505454,0.9114615578558685,2.4937441133042095,1.6210060488581253,0.4117459014068435,0.29800604470755243,0.7188266648522583,0.9972138457338311,9.277201542252662,0.12765895527167023,0.14700304067519526
Walk-Front-006,0.909222692209779,3.9090165679594593,1.7990999215385195,0.6448709974759695,0.24869489408879705,0.7462861992790223,2.1715922153797576,7.275814537062219,0.36269239391848873,0.2766586850406862,0.8925558076919419,2.7931046521260856,1.8194358163572986,0.45449942518372694,0.24940699710687592,0.7148315493349939,1.155463023926275,5.296304634939201,0.14198244040649255,0.1437235503638169
Walk-Front-007,0.8458344039925677,1.6371514118665411,1.7218661661384043,0.3620923048767853,0.2949450643147231,0.6782693222463204,0.8040330615767005,6.780593618723322,0.18359807851388857,0.22873758225653895,0.7631968440570837,0.7609696494265749,2.011110079114313,0.18140172302440455,0.23468032404406855,0.7625340588347246,1.0602816701308213,4.2021087125963135,0.2168356482536333,0.2458797486137534
